Prefixo do veiculo,Data de entrada do veiculo na frota,Quantidade de lugares sentados disponiveis,Linha associada ao veiculo,Modelo do veiculo,Categoria do veiculo
DN020,2002-12-18,18,560,MARCOPOLO SENIOR,MICRO
DA012,2002-12-18,29,336,MARCOPOLO TORINO GV,COMUM
KB499,2003-01-16,32,509,MARCOPOLO VIALE,PADRON
*R406,2004-03-18,41,216,MARCOPOLO TORINO GV,ARTICULADO
DN600,2004-10-07,22,463,NEOBUS SPECTRUM,MICROESPECIAL
DA014,2004-11-17,30,321,MARCOPOLO TORINO GV,COMUM
DA013,2004-11-17,30,338,MARCOPOLO TORINO GV,COMUM
DA015,2004-11-17,30,323,MARCOPOLO TORINO GVU,COMUM
DA020,2004-12-30,32,335,MARCOPOLO VIALE,COMUM
DA019,2004-12-30,32,332,MARCOPOLO VIALE,COMUM
DN602,2005-10-06,23,463,NEOBUS SPECTRUM,MICROESPECIAL
DN606,2005-10-06,23,308,NEOBUS SPECTRUM,MICROESPECIAL
DN601,2005-10-06,23,461,NEOBUS SPECTRUM,MICROESPECIAL
DN604,2005-10-06,23,387,NEOBUS SPECTRUM,MICROESPECIAL
DN605,2005-10-06,23,463,NEOBUS SPECTRUM,MICROESPECIAL
MA003,2006-02-09,31,924,MARCOPOLO TORINO GV,COMUM
MC076,2006-02-09,30,972,MARCOPOLO TORINO GV,COMUM
MC078,2006-02-09,30,972,MARCOPOLO TORINO GV,COMUM
MA002,2006-02-09,31,821,MARCOPOLO TORINO GV,COMUM
DA022,2006-07-26,32,323,MARCOPOLO VIALE,COMUM
DA023,2006-07-26,30,336,MARCOPOLO VIALE,COMUM
DN400,2006-08-31,19,516,NEOBUS SPECTRUM,MICROESPECIAL
DA298,2006-08-31,30,322,MARCOPOLO VIALE,COMUM
DA299,2006-08-31,30,338,MARCOPOLO VIALE,COMUM
DA291,2006-08-31,30,513,MARCOPOLO VIALE,COMUM
DA292,2006-08-31,30,332,MARCOPOLO VIALE,COMUM
DA295,2006-08-31,30,338,MARCOPOLO VIALE,COMUM
EA183,2006-08-31,30,519,MARCOPOLO VIALE,COMUM
GD343,2006-12-29,47,603,CAIO MILLENNIUM II,BIARTICULADO
GD348,2007-01-15,47,603,CAIO MILLENNIUM II,BIARTICULADO
GD350,2007-01-15,47,502,NULO,BIARTICULADO
MR106,2007-05-31,43,021,MARCOPOLO VIALE,ARTICULADO
EA184,2007-09-28,31,549,MARCOPOLO VIALE,COMUM
*R800,2007-10-31,43,023,BUSSCAR URBANUSS,ARTICULADO
*R407,2007-10-31,39,335,BUSSCAR URBANUSS,ARTICULADO
DN609,2007-10-31,19,466,NEOBUS SPECTRUM,MICROESPECIAL
*R408,2007-11-21,39,216,BUSSCAR URBANUSS,ARTICULADO
ML499,2007-11-30,33,902,MARCOPOLO VIALE,PADRON
ML313,2007-12-28,31,307,CAIO MILLENNIUM II,PADRON
HR407,NULO,38,650,BUSSCAR URBANUSS,ARTICULADO
HR408,2008-05-29,38,772,BUSSCAR URBANUSS,ARTICULADO
BL494,2008-08-06,31,023,BUSSCAR URBANUSS,PADRON
MR800,2008-08-19,42,023,BUSSCAR URBANUSS,ARTICULADO
CA012,2008-08-12,29,222,NULO,COMUM
HR117,2008-08-29,38,040,BUSSCAR URBANUSS,ARTICULADO
HL117,2008-08-29,31,NULO,BUSSCAR URBANUSS,PADRON
HR413,2008-08-29,45,650,BUSSCAR URBANUSS,ARTICULADO
MN610,2008-10-30,19,821,NEOBUS SPECTRUM,MICROESPECIAL
MN604,2008-10-30,19,989,NEOBUS SPECTRUM,MICROESPECIAL
MN605,2008-10-30,19,965,NEOBUS SPECTRUM,MICROESPECIAL
CC196,2008-10-30,28,NULO,CAIO APACHE,COMUM
BC940,2008-11-21,19,169,NULO,MICROESPECIAL
MR801,NULO,43,022,MARCOPOLO VIALE,ARTICULADO
MR802,2008-12-09,43,023,MARCOPOLO VIALE,ARTICULADO
DC294,2008-12-18,29,336,NEOBUS MEGA,COMUM
DC295,2008-12-18,29,338,NEOBUS MEGA,COMUM
DC293,2008-12-18,29,468,NEOBUS MEGA,COMUM
*R801,2009-03-20,42,022,BUSSCAR URBANUSS PLUSS,ARTICULADO
CR804,2009-01-29,41,022,CAIO MILLENNIUM II,ARTICULADO
*R803,2009-01-28,43,023,MARCOPOLO VIALE,ARTICULADO
*R804,2009-01-28,43,022,MARCOPOLO VIALE,ARTICULADO
*R805,2009-01-28,43,023,MARCOPOLO VIALE,ARTICULADO
ER802,2009-02-17,45,022,MARCOPOLO VIALE,ARTICULADO
HE731,2019-05-13,53,603,CAIO MILLENNIUM BRT,BIARTICULADO
BA127,2009-05-29,26,232,NEOBUS MEGA,COMUM
BA136,NULO,26,233,NEOBUS MEGA,COMUM
BA139,2009-05-29,26,342,NEOBUS MEGA,COMUM
BA134,2009-05-29,26,231,NEOBUS MEGA,COMUM
HN403,2009-06-30,19,668,NEOBUS SPECTRUM,MICROESPECIAL
BC928,NULO,19,365,NULO,MICROESPECIAL
BC932,2009-06-23,19,365,NEOBUS SPECTRUM,MICROESPECIAL
CC297,2009-06-23,28,372,NULO,COMUM
MA012,2009-07-13,28,916,MARCOPOLO TORINO,COMUM
GA179,2009-08-13,26,624,NEOBUS MEGA,COMUM
GA180,2009-08-13,26,639,NEOBUS MEGA,COMUM
DC090,NULO,28,338,MARCOPOLO TORINO,COMUM
DA027,2009-09-29,28,621,MARCOPOLO TORINO,COMUM
DC092,2009-09-29,28,468,MARCOPOLO TORINO,COMUM
DC091,2009-09-29,28,309,MARCOPOLO TORINO,COMUM
DC093,2009-09-29,28,462,MARCOPOLO TORINO,COMUM
DA029,2009-09-29,28,621,MARCOPOLO TORINO,COMUM
DC292,2009-09-29,28,468,MARCOPOLO TORINO,COMUM
LB605,2010-01-28,38,040,MARCOPOLO VIALE,ARTICULADO
BT008,2010-05-31,65,979,BUSSCAR URBANUSS PLUSS L,PADRON
LC297,NULO,27,820,NULO,COMUM
HA699,2010-10-18,35,617,MARCOPOLO GRAN VIALE,ARTICULADO
JC601,2010-10-18,35,706,NULO,ARTICULADO
LC296,2010-10-18,27,826,MARCOPOLO TORINO,COMUM
LC298,NULO,27,860,MARCOPOLO TORINO,COMUM
LC295,2010-10-18,27,652,MARCOPOLO TORINO,COMUM
JC600,2010-10-18,35,545,MARCOPOLO VIALE,ARTICULADO
HA698,2010-10-18,35,650,MARCOPOLO GRAN VIALE,ARTICULADO
HA193,2010-10-18,28,646,MARCOPOLO TORINO,COMUM
HA195,2010-10-18,28,658,NULO,COMUM
HA192,2010-10-18,28,646,MARCOPOLO TORINO,COMUM
HA196,2010-10-18,28,658,MARCOPOLO TORINO,COMUM
JC317,2010-10-18,28,701,NULO,PADRON
JC301,2010-10-18,28,706,MARCOPOLO VIALE,PADRON
JC303,2010-10-18,28,706,MARCOPOLO VIALE,PADRON
JC314,2010-10-18,28,701,MARCOPOLO VIALE,PADRON
JC316,2010-10-18,28,706,MARCOPOLO VIALE,PADRON
JC302,2010-10-18,28,701,MARCOPOLO VIALE,PADRON
JC315,2010-10-18,28,706,MARCOPOLO VIALE,PADRON
JC308,2010-10-18,28,701,MARCOPOLO VIALE,PADRON
JB301,2010-10-18,28,720,MARCOPOLO GRAN VIALE,PADRON
JB606,2010-10-18,39,706,MARCOPOLO VIALE,ARTICULADO
JB604,2010-10-18,39,050,MARCOPOLO VIALE,ARTICULADO
MT012,2010-09-30,65,979,BUSSCAR URBANUSS PLUSS L,PADRON
MT011,2010-09-30,65,979,BUSSCAR URBANUSS PLUSS L,PADRON
BC321,2010-09-30,28,207,MARCOPOLO VIALE,PADRON
BC301,2010-09-30,28,205,MARCOPOLO VIALE,PADRON
BC322,2010-09-30,28,207,MARCOPOLO VIALE,PADRON
BC300,2010-09-30,28,205,MARCOPOLO VIALE,PADRON
MC300,2010-09-30,28,901,MARCOPOLO VIALE,PADRON
*B602,NULO,39,040,NEOBUS MEGA,ARTICULADO
*B601,2010-10-26,39,021,NEOBUS MEGA,ARTICULADO
*B603,NULO,39,040,NEOBUS MEGA,ARTICULADO
*B605,2010-10-26,39,020,NEOBUS MEGA,ARTICULADO
*B604,2010-10-26,39,021,NEOBUS MEGA,ARTICULADO
MA949,2010-10-26,19,918,NEOBUS SPECTRUM,MICROESPECIAL
EA301,2010-09-30,28,335,MARCOPOLO VIALE,PADRON
EA302,2010-09-30,28,515,MARCOPOLO VIALE,PADRON
EC304,2010-09-30,28,475,MARCOPOLO VIALE,PADRON
EA300,2010-09-30,28,335,MARCOPOLO VIALE,PADRON
CC298,2010-12-28,28,372,CAIO APACHE VIP,COMUM
ML302,2011-01-31,31,023,MARCOPOLO VIALE,PADRON
MA013,2011-01-31,28,917,MARCOPOLO TORINO,COMUM
ML303,2011-01-31,31,307,MARCOPOLO VIALE,PADRON
MC304,2011-04-29,28,901,NULO,PADRON
MC303,2011-04-29,28,901,NEOBUS MEGA,PADRON
MC851,NULO,19,965,NEOBUS SPECTRUM,MICROESPECIAL
GE706,2011-04-15,57,500,NEOBUS MEGA BRT,BIARTIC. BIO
GE700,2011-04-15,57,602,NEOBUS MEGA BRT,BIARTIC. BIO
GE701,2011-04-15,57,203,NEOBUS MEGA BRT,BIARTIC. BIO
GE702,2011-04-15,57,500,NEOBUS MEGA BRT,BIARTIC. BIO
GE707,2011-04-15,57,602,NEOBUS MEGA BRT,BIARTIC. BIO
GE703,2011-04-15,57,603,NEOBUS MEGA BRT,BIARTIC. BIO
GE710,2011-04-15,57,500,NEOBUS MEGA BRT,BIARTIC. BIO
GE704,2011-04-15,57,500,NEOBUS MEGA BRT,BIARTIC. BIO
GE709,2011-04-15,57,550,NEOBUS MEGA BRT,BIARTIC. BIO
HA603,2011-04-29,38,646,NEOBUS MEGA BRT,ARTICULADO
HA602,2011-04-29,38,650,NEOBUS MEGA BRT,ARTICULADO
HE702,2011-04-29,57,200,NEOBUS MEGA BRT,BIARTIC. BIO
HE700,NULO,57,603,NULO,BIARTIC. BIO
HE703,2011-04-29,57,602,NULO,BIARTIC. BIO
HE701,2011-04-29,57,550,NEOBUS MEGA BRT,BIARTIC. BIO
HE706,2011-04-29,57,550,NEOBUS MEGA BRT,BIARTIC. BIO
HE705,2011-04-29,57,550,NEOBUS MEGA BRT,BIARTIC. BIO
KA601,2011-05-31,38,545,NEOBUS MEGA BRT,ARTICULADO
KA600,2011-05-31,38,545,NEOBUS MEGA BRT,ARTICULADO
KA602,2011-05-31,38,545,NEOBUS MEGA BRT,ARTICULADO
JL300,2011-05-19,29,702,NEOBUS MEGA BRT,PADRON
JL302,2011-05-19,29,NULO,NEOBUS MEGA BRT,PADRON
BL325,2011-05-06,29,307,NEOBUS MEGA BRT,PADRON
HL301,2011-04-29,29,NULO,NEOBUS MEGA BRT,PADRON
HL300,2011-04-29,29,607,NEOBUS MEGA BRT,PADRON
HL305,2011-04-29,29,022,NEOBUS MEGA BRT,PADRON
HL306,2011-04-29,29,NULO,NEOBUS MEGA BRT,PADRON
HL302,2011-04-29,29,700,NEOBUS MEGA BRT,PADRON
BL329,2011-05-06,29,307,NEOBUS MEGA BRT,PADRON
BL326,2011-05-06,29,022,NEOBUS MEGA BRT,PADRON
JL301,2011-05-19,29,NULO,NEOBUS MEGA BRT,PADRON
GE711,2011-05-06,57,550,NEOBUS MEGA BRT,BIARTIC. BIO
GE712,2011-05-06,57,550,NEOBUS MEGA BRT,BIARTIC. BIO
GE715,2011-05-06,57,200,NEOBUS MEGA BRT,BIARTIC. BIO
GE705,2011-05-06,57,603,NEOBUS MEGA BRT,BIARTIC. BIO
GE713,NULO,57,603,NEOBUS MEGA BRT,BIARTIC. BIO
JL308,2011-05-19,29,NULO,NEOBUS MEGA BRT,PADRON
JL310,2011-05-19,29,022,NEOBUS MEGA BRT,PADRON
JL309,2011-05-19,29,024,NEOBUS MEGA BRT,PADRON
JL305,2011-05-19,29,702,NEOBUS MEGA BRT,PADRON
JL307,2011-05-19,29,702,NEOBUS MEGA BRT,PADRON
JL311,2011-05-19,29,702,NEOBUS MEGA BRT,PADRON
JL314,2011-05-19,29,022,NEOBUS MEGA BRT,PADRON
*C001,2011-05-31,27,633,MARCOPOLO TORINO,COMUM
*C006,2011-05-31,27,625,MARCOPOLO TORINO,COMUM
JL317,2011-05-19,29,NULO,NEOBUS MEGA BRT,PADRON
JL315,2011-05-19,29,702,NEOBUS MEGA BRT,PADRON
GE716,2011-05-06,57,203,NEOBUS MEGA BRT,BIARTIC. BIO
BL302,2011-05-25,29,505,NEOBUS MEGA BRT,PADRON
BL305,NULO,29,505,NEOBUS MEGA BRT,PADRON
BL303,2011-05-25,29,700,NEOBUS MEGA BRT,PADRON
BL304,2011-05-25,29,505,NEOBUS MEGA BRT,PADRON
BL301,2011-05-25,29,023,NEOBUS MEGA BRT,PADRON
BL306,NULO,29,700,NEOBUS MEGA BRT,PADRON
CA600,2011-06-22,38,216,NULO,ARTICULADO
CA601,2011-07-06,38,216,NEOBUS MEGA BRT,ARTICULADO
BB601,2011-06-08,38,020,NEOBUS MEGA BRT,ARTICULADO
HA601,2011-06-10,38,680,NEOBUS MEGA BRT,ARTICULADO
CL302,2011-05-31,29,307,NEOBUS MEGA BRT,PADRON
CL301,2011-05-31,29,022,NEOBUS MEGA BRT,PADRON
CL303,2011-05-31,29,022,NEOBUS MEGA BRT,PADRON
CL304,2011-05-31,29,307,NEOBUS MEGA BRT,PADRON
HA604,2011-06-10,38,684,NEOBUS MEGA BRT,ARTICULADO
CL300,2011-05-31,29,307,NEOBUS MEGA BRT,PADRON
BC850,2011-06-29,19,386,MARCOPOLO SENIOR,MICROESPECIAL
HL309,2011-06-10,29,NULO,NEOBUS MEGA BRT,PADRON
HL312,2011-06-10,29,607,NEOBUS MEGA BRT,PADRON
HL308,2011-06-10,29,607,NEOBUS MEGA BRT,PADRON
HL313,2011-06-10,29,022,NEOBUS MEGA BRT,PADRON
BL307,2011-06-30,29,505,NEOBUS MEGA BRT,PADRON
BL308,2011-06-30,29,023,NEOBUS MEGA BRT,PADRON
BL309,2011-06-30,29,505,NEOBUS MEGA BRT,PADRON
BL312,2011-06-30,29,700,NEOBUS MEGA BRT,PADRON
BC851,NULO,19,366,NULO,MICROESPECIAL
CL306,2011-05-31,29,307,NEOBUS MEGA BRT,PADRON
GL307,2011-07-27,29,508,NEOBUS MEGA BRT,PADRON
GL306,2011-07-27,29,610,NEOBUS MEGA BRT,PADRON
GL308,2011-07-27,29,506,NEOBUS MEGA BRT,PADRON
GL305,2011-07-27,29,507,NEOBUS MEGA BRT,PADRON
HA608,2011-06-30,38,684,NEOBUS MEGA BRT,ARTICULADO
HL307,2011-06-10,29,700,NEOBUS MEGA BRT,PADRON
BB602,2011-06-10,38,020,NEOBUS MEGA BRT,ARTICULADO
BL300,2011-07-06,29,256,NEOBUS MEGA BRT,PADRON
BB612,2011-06-16,38,020,NEOBUS MEGA BRT,ARTICULADO
GL300,2011-07-27,29,506,NEOBUS MEGA BRT,PADRON
GL301,2011-07-27,29,508,NEOBUS MEGA BRT,PADRON
GL302,2011-07-27,29,508,NULO,PADRON
BB613,2011-06-16,38,021,NEOBUS MEGA BRT,ARTICULADO
BB604,2011-06-16,38,021,NEOBUS MEGA BRT,ARTICULADO
BA601,2011-06-16,38,216,NEOBUS MEGA BRT,ARTICULADO
BA600,2011-06-16,38,245,NEOBUS MEGA BRT,ARTICULADO
BB603,2011-06-16,38,020,NEOBUS MEGA BRT,ARTICULADO
BB606,2011-06-16,38,030,NEOBUS MEGA BRT,ARTICULADO
HL324,2011-06-28,29,700,NEOBUS MEGA BRT,PADRON
HL326,2011-06-28,29,NULO,NEOBUS MEGA BRT,PADRON
HL321,2011-06-28,29,607,NEOBUS MEGA BRT,PADRON
HL325,2011-06-28,29,607,NEOBUS MEGA BRT,PADRON
HL323,2011-06-28,29,NULO,NEOBUS MEGA BRT,PADRON
HL322,2011-06-28,29,700,NEOBUS MEGA BRT,PADRON
HA610,2011-08-01,38,684,NEOBUS MEGA BRT,ARTICULADO
*B600,2011-07-06,38,060,NEOBUS MEGA BRT,ARTICULADO
HA606,2011-06-21,38,650,NEOBUS MEGA BRT,ARTICULADO
*C012,2011-06-30,28,625,MARCOPOLO TORINO,COMUM
*C009,2011-06-30,27,542,MARCOPOLO TORINO,COMUM
*C015,2011-06-30,27,665,MARCOPOLO TORINO,COMUM
*C010,2011-06-30,27,636,MARCOPOLO TORINO,COMUM
*C014,2011-06-30,27,665,MARCOPOLO TORINO,COMUM
GB603,2011-06-28,38,040,NEOBUS MEGA BRT,ARTICULADO
LC852,2011-07-11,19,861,MARCOPOLO SENIOR,MICROESPECIAL
BB605,2011-07-19,38,030,NEOBUS MEGA BRT,ARTICULADO
BL315,2011-07-19,29,256,NEOBUS MEGA BRT,PADRON
BL311,2011-07-19,29,505,NEOBUS MEGA BRT,PADRON
BL336,2011-08-04,29,022,NEOBUS MEGA BRT,PADRON
BL337,2011-08-04,29,022,NEOBUS MEGA BRT,PADRON
BL335,2011-07-20,29,022,NEOBUS MEGA BRT,PADRON
BL331,2011-07-20,29,023,NULO,PADRON
BL321,2011-07-19,29,256,NEOBUS MEGA BRT,PADRON
BL334,2011-07-20,29,022,NEOBUS MEGA BRT,PADRON
BL339,2011-07-19,29,023,NEOBUS MEGA BRT,PADRON
BL332,2011-07-19,29,023,NEOBUS MEGA BRT,PADRON
BL330,2011-07-19,29,518,NEOBUS MEGA BRT,PADRON
DL300,2011-08-01,29,022,NEOBUS MEGA BRT,PADRON
DL302,NULO,29,304,NEOBUS MEGA BRT,PADRON
DL301,2011-08-01,29,022,NEOBUS MEGA BRT,PADRON
HL315,2011-08-08,29,NULO,NEOBUS MEGA BRT,PADRON
HL314,2011-08-08,29,607,NEOBUS MEGA BRT,PADRON
HL316,2011-07-21,29,607,NEOBUS MEGA BRT,PADRON
HL319,2011-07-21,29,NULO,NEOBUS MEGA BRT,PADRON
DL303,2011-08-01,29,304,NEOBUS MEGA BRT,PADRON
BL313,2011-08-12,29,700,NEOBUS MEGA BRT,PADRON
BL316,2011-07-27,29,256,NULO,PADRON
BL320,2011-07-27,29,505,NEOBUS MEGA BRT,PADRON
DE701,2011-10-03,57,303,NEOBUS MEGA BRT,BIARTICULADO
DE708,2011-10-03,57,303,NEOBUS MEGA BRT,BIARTICULADO
DE704,2011-08-05,57,302,NEOBUS MEGA BRT,BIARTICULADO
HA012,2011-08-03,28,684,MARCOPOLO TORINO,COMUM
HA609,2011-07-28,38,650,NEOBUS MEGA BRT,ARTICULADO
HA016,2011-08-03,28,681,MARCOPOLO TORINO,COMUM
HA011,2011-08-03,28,659,MARCOPOLO TORINO,COMUM
GB608,2011-08-26,38,050,NEOBUS MEGA BRT,ARTICULADO
GB604,2011-08-26,38,050,NEOBUS MEGA BRT,ARTICULADO
CB600,2011-08-02,38,020,NEOBUS MEGA BRT,ARTICULADO
CB601,2011-08-02,38,NULO,NEOBUS MEGA BRT,ARTICULADO
CB603,2011-08-02,38,020,NEOBUS MEGA BRT,ARTICULADO
LE700,2011-10-03,57,303,NEOBUS MEGA BRT,BIARTICULADO
LE701,2011-10-03,57,303,NEOBUS MEGA BRT,BIARTICULADO
LE703,2011-10-03,57,303,NEOBUS MEGA BRT,BIARTICULADO
DL305,2011-08-08,29,304,NEOBUS MEGA BRT,PADRON
KB600,2011-08-24,38,027,NEOBUS MEGA BRT,ARTICULADO
KB601,2011-08-24,38,021,NEOBUS MEGA BRT,ARTICULADO
KB602,2011-08-24,38,027,NEOBUS MEGA BRT,ARTICULADO
DE709,2011-10-03,57,303,NEOBUS MEGA BRT,BIARTICULADO
DE706,2011-10-03,57,303,NEOBUS MEGA BRT,BIARTICULADO
DE705,2011-10-03,57,302,NEOBUS MEGA BRT,BIARTICULADO
DE710,2011-10-03,56,303,NEOBUS MEGA BRT,BIARTICULADO
DE707,2011-10-03,57,303,NEOBUS MEGA BRT,BIARTICULADO
DE703,2011-10-03,57,303,NEOBUS MEGA BRT,BIARTICULADO
DE700,2011-10-04,57,303,NEOBUS MEGA BRT,BIARTICULADO
GL312,2011-08-23,29,520,NEOBUS MEGA BRT,PADRON
GL316,2011-08-23,29,610,NEOBUS MEGA BRT,PADRON
GL315,2011-08-23,29,520,NEOBUS MEGA BRT,PADRON
GL310,2011-08-23,29,507,NEOBUS MEGA BRT,PADRON
GL314,NULO,29,506,NEOBUS MEGA BRT,PADRON
GL311,2011-08-23,29,610,NEOBUS MEGA BRT,PADRON
GL313,2011-08-23,29,508,NEOBUS MEGA BRT,PADRON
GL309,2011-08-23,29,024,NEOBUS MEGA BRT,PADRON
GL317,2011-08-23,29,506,NEOBUS MEGA BRT,PADRON
KA604,2011-08-25,38,545,NEOBUS MEGA BRT,ARTICULADO
KA603,2011-08-25,38,629,NEOBUS MEGA BRT,ARTICULADO
HL318,2011-09-15,29,607,NEOBUS MEGA BRT,PADRON
BB615,2011-09-15,38,020,NEOBUS MEGA BRT,ARTICULADO
BA603,2011-09-15,38,216,NEOBUS MEGA BRT,ARTICULADO
BB610,2011-09-15,38,030,NEOBUS MEGA BRT,ARTICULADO
DL308,2011-09-15,29,305,NEOBUS MEGA BRT,PADRON
BC004,NULO,27,876,MARCOPOLO TORINO,COMUM
BA014,2011-09-30,28,816,MARCOPOLO TORINO,COMUM
HL317,2011-09-15,29,024,NEOBUS MEGA BRT,PADRON
HL320,2011-09-15,29,607,NEOBUS MEGA BRT,PADRON
HL328,2011-09-15,29,508,NEOBUS MEGA BRT,PADRON
*A001,2011-10-10,27,814,MARCOPOLO TORINO,COMUM
*A010,2011-10-10,27,828,MARCOPOLO TORINO,COMUM
LC009,2011-10-10,27,828,MARCOPOLO TORINO,COMUM
LC019,NULO,27,860,NULO,COMUM
*A004,2011-10-10,27,828,MARCOPOLO TORINO,COMUM
BE700,2011-10-03,57,203,NEOBUS MEGA BRT,BIARTICULADO
LC017,2011-12-08,27,801,MARCOPOLO TORINO,COMUM
BA015,2011-10-17,28,812,MARCOPOLO TORINO,COMUM
BA025,2011-11-10,28,816,MARCOPOLO TORINO,COMUM
EL302,NULO,29,506,NEOBUS MEGA BRT,PADRON
EL300,2011-10-04,29,508,NEOBUS MEGA BRT,PADRON
EL301,NULO,29,505,NULO,PADRON
EL303,2011-10-04,29,507,NEOBUS MEGA BRT,PADRON
JL601,2011-09-26,42,023,NEOBUS MEGA BRT,ARTICULADO
JL600,NULO,42,022,NEOBUS MEGA BRT,ARTICULADO
BA024,2011-11-10,28,822,MARCOPOLO TORINO,COMUM
BA021,2011-11-10,28,827,MARCOPOLO TORINO,COMUM
BA020,2011-11-10,28,812,MARCOPOLO TORINO,COMUM
BA026,2011-11-10,28,245,MARCOPOLO TORINO,COMUM
GE720,2011-10-03,57,603,NEOBUS MEGA BRT,BIARTICULADO
GE722,2011-10-03,57,550,NEOBUS MEGA BRT,BIARTICULADO
EL312,2011-10-04,29,505,NEOBUS MEGA BRT,PADRON
GE719,2011-10-03,57,603,NEOBUS MEGA BRT,BIARTICULADO
LC022,2011-11-04,27,652,MARCOPOLO TORINO,COMUM
LC013,2011-11-09,27,801,MARCOPOLO TORINO,COMUM
MC307,2011-12-13,28,901,NEOBUS MEGA,PADRON
DL316,NULO,29,022,NEOBUS MEGA BRT,PADRON
DL315,2011-10-05,29,022,NEOBUS MEGA BRT,PADRON
DL310,2011-10-05,29,304,NEOBUS MEGA BRT,PADRON
*A008,2011-11-04,27,860,MARCOPOLO TORINO,COMUM
BB614,NULO,38,021,NEOBUS MEGA BRT,ARTICULADO
BA023,2011-11-10,28,829,MARCOPOLO TORINO,COMUM
EL309,2011-10-13,29,506,NEOBUS MEGA BRT,PADRON
EL310,2011-10-13,29,507,NEOBUS MEGA BRT,PADRON
EL314,2011-10-13,29,506,NEOBUS MEGA BRT,PADRON
EL308,2011-10-13,29,506,NEOBUS MEGA BRT,PADRON
LE702,2011-10-06,57,303,NEOBUS MEGA BRT,BIARTICULADO
LE705,NULO,57,303,NULO,BIARTICULADO
BC500,2011-11-11,28,205,NEOBUS MEGA,SEMIPADRON
LE706,2011-10-06,57,303,NEOBUS MEGA BRT,BIARTICULADO
CA001,2011-10-17,28,375,CAIO APACHE VIP,COMUM
EL304,2011-10-13,29,506,NEOBUS MEGA BRT,PADRON
EL313,2011-10-13,29,507,NEOBUS MEGA BRT,PADRON
LC504,2011-12-09,27,826,MARCOPOLO VIALE,SEMIPADRON
LC507,2011-12-08,27,801,MARCOPOLO VIALE,SEMIPADRON
LC505,2011-12-09,27,826,MARCOPOLO VIALE,SEMIPADRON
BE705,2012-03-22,57,200,NEOBUS MEGA BRT,BIARTICULADO
KA605,2011-11-23,38,629,NEOBUS MEGA BRT,ARTICULADO
DL309,2011-11-08,29,305,NEOBUS MEGA BRT,PADRON
DL314,2011-11-08,29,305,NEOBUS MEGA BRT,PADRON
GL320,2011-12-23,29,508,NEOBUS MEGA BRT,PADRON
GL322,2011-12-23,29,506,NEOBUS MEGA BRT,PADRON
GL319,2011-12-23,29,508,NEOBUS MEGA BRT,PADRON
EA004,2011-12-13,28,532,MARCOPOLO TORINO,COMUM
DE712,2011-11-29,57,303,NEOBUS MEGA BRT,BIARTICULADO
DE711,2011-11-29,57,303,NEOBUS MEGA BRT,BIARTICULADO
EA005,2011-12-13,28,522,MARCOPOLO TORINO,COMUM
EA003,2011-12-13,28,511,MARCOPOLO TORINO,COMUM
DE715,NULO,57,303,NEOBUS MEGA BRT,BIARTICULADO
DE714,2011-11-30,57,303,NEOBUS MEGA BRT,BIARTICULADO
DE713,2011-11-30,57,303,NEOBUS MEGA BRT,BIARTICULADO
GL324,2011-12-23,29,506,NEOBUS MEGA BRT,PADRON
DE722,2011-12-29,57,302,NEOBUS MEGA BRT,BIARTICULADO
GL321,2011-12-23,29,508,NEOBUS MEGA BRT,PADRON
HE711,2012-03-05,57,603,NEOBUS MEGA BRT,BIARTICULADO
HE708,2012-03-05,57,603,NEOBUS MEGA BRT,BIARTICULADO
HE707,2012-03-05,57,602,NEOBUS MEGA BRT,BIARTICULADO
HE712,2012-03-05,57,603,NEOBUS MEGA BRT,BIARTICULADO
HE709,2012-03-05,57,602,NEOBUS MEGA BRT,BIARTICULADO
*A851,2012-01-10,19,370,CIFERAL SENIOR MIDI,MICROESPECIAL
*A850,2012-01-10,19,809,CIFERAL SENIOR MIDI,MICROESPECIAL
LC850,2012-01-10,19,674,CIFERAL SENIOR MIDI,MICROESPECIAL
DE716,2012-01-25,57,303,NEOBUS MEGA BRT,BIARTICULADO
GE717,2012-01-17,57,500,NEOBUS MEGA BRT,BIARTIC. BIO
GE718,2012-01-17,57,500,NEOBUS MEGA BRT,BIARTIC. BIO
LC500,2012-02-13,27,826,MARCOPOLO VIALE,SEMIPADRON
DE719,2012-01-25,57,303,NEOBUS MEGA BRT,BIARTICULADO
ML314,2012-04-03,29,307,NEOBUS MEGA BRT,PADRON
ML305,2012-04-03,29,902,NEOBUS MEGA BRT,PADRON
ML306,2012-04-03,29,902,NEOBUS MEGA BRT,PADRON
ML312,2012-04-03,29,307,NEOBUS MEGA BRT,PADRON
BA002,2012-03-19,28,342,MARCOPOLO TORINO,COMUM
BC012,2012-03-12,27,166,MARCOPOLO TORINO,COMUM
BA032,2012-04-25,28,236,MARCOPOLO TORINO,COMUM
BA028,2012-03-12,28,924,MARCOPOLO TORINO,COMUM
BC027,2012-04-12,27,160,MARCOPOLO TORINO,COMUM
BC001,NULO,27,201,MARCOPOLO TORINO,COMUM
EA024,2012-02-28,28,512,MARCOPOLO TORINO,COMUM
EA007,2012-02-28,28,531,MARCOPOLO TORINO,COMUM
EA008,2012-02-28,28,471,MARCOPOLO TORINO,COMUM
EA013,2012-02-28,28,536,MARCOPOLO TORINO,COMUM
EA017,2012-02-28,28,522,MARCOPOLO TORINO,COMUM
EA006,2012-02-28,28,532,MARCOPOLO TORINO,COMUM
BC020,2012-03-12,27,870,MARCOPOLO TORINO,COMUM
BC019,2012-03-12,27,170,MARCOPOLO TORINO,COMUM
BC017,2012-03-27,27,876,MARCOPOLO TORINO,COMUM
BC015,2012-03-12,27,876,MARCOPOLO TORINO,COMUM
BC014,2012-03-27,27,870,MARCOPOLO TORINO,COMUM
BC013,2012-03-27,27,183,MARCOPOLO TORINO,COMUM
BC011,2012-03-27,27,166,MARCOPOLO TORINO,COMUM
BC024,2012-03-12,27,160,MARCOPOLO TORINO,COMUM
BC025,NULO,27,160,MARCOPOLO TORINO,COMUM
BC026,2012-04-25,27,160,MARCOPOLO TORINO,COMUM
BC007,2012-03-12,27,168,MARCOPOLO TORINO,COMUM
BC010,2012-03-12,27,171,MARCOPOLO TORINO,COMUM
BA037,2012-04-25,28,243,MARCOPOLO TORINO,COMUM
BC005,2012-03-12,27,870,MARCOPOLO TORINO,COMUM
BC006,2012-03-12,27,168,MARCOPOLO TORINO,COMUM
BA027,2012-04-12,28,924,MARCOPOLO TORINO,COMUM
EA009,2012-03-06,28,475,MARCOPOLO TORINO,COMUM
EA014,2012-03-06,28,515,MARCOPOLO TORINO,COMUM
EA020,2012-03-06,28,535,MARCOPOLO TORINO,COMUM
EA021,2012-03-06,28,531,NULO,COMUM
EA016,2012-03-06,28,511,MARCOPOLO TORINO,COMUM
EA018,2012-03-06,28,528,MARCOPOLO TORINO,COMUM
EA025,NULO,28,512,NULO,COMUM
EA019,2012-03-06,28,513,MARCOPOLO TORINO,COMUM
EA022,2012-03-06,28,528,MARCOPOLO TORINO,COMUM
LE708,2012-03-05,54,303,NEOBUS MEGA BRT,BIARTICULADO
LE709,2012-03-05,54,303,NEOBUS MEGA BRT,BIARTICULADO
LE710,2012-03-05,54,303,NEOBUS MEGA BRT,BIARTICULADO
HA028,2012-03-09,28,684,MARCOPOLO TORINO,COMUM
HA027,2012-03-09,28,680,MARCOPOLO TORINO,COMUM
HA026,2012-03-09,28,680,MARCOPOLO TORINO,COMUM
HA023,2012-03-09,28,681,MARCOPOLO TORINO,COMUM
EA011,2012-03-14,28,533,MARCOPOLO TORINO,COMUM
EA026,2012-03-14,28,657,MARCOPOLO TORINO,COMUM
HA617,2012-04-10,39,685,MARCOPOLO VIALE,ARTICULADO
HA618,2012-04-10,39,685,NULO,ARTICULADO
HA614,2012-04-10,39,772,MARCOPOLO VIALE,ARTICULADO
HA612,2012-04-10,39,650,MARCOPOLO VIALE,ARTICULADO
HA611,2012-04-10,39,773,MARCOPOLO VIALE,ARTICULADO
HA616,2012-04-10,39,685,MARCOPOLO VIALE,ARTICULADO
HA619,2012-04-10,39,684,MARCOPOLO VIALE,ARTICULADO
HA615,2012-04-10,39,650,MARCOPOLO VIALE,ARTICULADO
BC311,2012-04-24,27,170,MARCOPOLO VIALE,PADRON
BC307,2012-04-24,27,170,MARCOPOLO VIALE,PADRON
BC304,NULO,27,182,NULO,PADRON
BC309,2012-04-24,27,205,MARCOPOLO VIALE,PADRON
GL326,2012-05-07,20,508,NEOBUS MEGA BRT,PADRON
BC306,2012-04-24,27,205,MARCOPOLO VIALE,PADRON
HA311,2012-05-14,27,712,MARCOPOLO VIALE,PADRON
EA601,2012-07-02,34,528,MARCOPOLO VIALE,ARTICULADO
EA602,2012-07-02,34,535,MARCOPOLO VIALE,ARTICULADO
EA600,2012-07-02,34,528,MARCOPOLO VIALE,ARTICULADO
HA310,NULO,27,712,MARCOPOLO VIALE,PADRON
BC324,2012-04-12,27,207,MARCOPOLO VIALE,PADRON
GL325,2012-05-07,29,506,NEOBUS MEGA BRT,PADRON
BC308,2012-04-24,27,205,MARCOPOLO VIALE,PADRON
KE700,2012-04-17,54,503,NEOBUS MEGA BRT,BIARTICULADO
DC852,2012-05-24,19,464,NEOBUS SPECTRUM,MICROESPECIAL
DC855,2012-05-24,19,465,NEOBUS SPECTRUM,MICROESPECIAL
DC854,2012-05-24,19,477,NEOBUS SPECTRUM,MICROESPECIAL
DC850,2012-05-24,19,477,NEOBUS SPECTRUM,MICROESPECIAL
DA850,2012-05-24,19,331,NEOBUS SPECTRUM,MICROESPECIAL
DC851,2012-05-24,19,461,NEOBUS SPECTRUM,MICROESPECIAL
DE721,2012-05-23,54,303,NEOBUS MEGA BRT,BIARTICULADO
DA033,2012-06-20,28,621,MARCOPOLO TORINO,COMUM
KB603,2012-07-04,38,021,NEOBUS MEGA BRT,ARTICULADO
KB605,2012-07-04,38,021,NEOBUS MEGA BRT,ARTICULADO
KB604,2012-07-04,38,050,NEOBUS MEGA BRT,ARTICULADO
LB600,NULO,39,040,NULO,ARTICULADO
LB601,2012-08-16,39,040,MARCOPOLO VIALE,ARTICULADO
LB602,2012-08-22,39,040,MARCOPOLO VIALE,ARTICULADO
LB603,2012-08-22,39,050,MARCOPOLO VIALE,ARTICULADO
BT010,2012-09-05,67,979,MARCOPOLO VIALE,PADRON
BT009,2012-09-05,67,979,MARCOPOLO VIALE,PADRON
MT013,2012-09-28,67,979,MARCOPOLO VIALE,PADRON
BC319,2012-11-30,26,371,MARCOPOLO VIALE BRT,HIBRIDO
BC317,2012-11-30,26,371,MARCOPOLO VIALE BRT,HIBRIDO
BC316,2012-11-30,26,372,MARCOPOLO VIALE BRT,HIBRIDO
BC315,2012-11-30,26,371,MARCOPOLO VIALE BRT,HIBRIDO
BC314,2012-11-30,26,372,MARCOPOLO VIALE BRT,HIBRIDO
BC312,2012-11-30,26,207,MARCOPOLO VIALE BRT,HIBRIDO
HC301,2012-11-22,26,180,MARCOPOLO VIALE BRT,HIBRIDO BIO
HC300,2012-11-22,26,180,MARCOPOLO VIALE BRT,HIBRIDO BIO
BB303,2012-09-29,26,010,MARCOPOLO VIALE BRT,HIBRIDO
BC313,2012-11-30,26,372,MARCOPOLO VIALE BRT,HIBRIDO
BB302,2012-09-29,26,010,MARCOPOLO VIALE BRT,HIBRIDO
BB308,2012-09-29,26,011,MARCOPOLO VIALE BRT,HIBRIDO
BB307,2012-09-29,26,011,MARCOPOLO VIALE BRT,HIBRIDO
JB302,2012-09-29,26,720,MARCOPOLO VIALE BRT,HIBRIDO
CC302,2012-11-30,26,380,MARCOPOLO VIALE BRT,HIBRIDO
CC300,2012-11-30,26,373,MARCOPOLO VIALE BRT,HIBRIDO
LC301,2012-11-30,26,801,MARCOPOLO VIALE BRT,HIBRIDO
LC302,2012-11-30,26,380,MARCOPOLO VIALE BRT,HIBRIDO
CC301,2012-11-30,26,380,MARCOPOLO VIALE BRT,HIBRIDO
BI026,2020-03-06,26,811,MARCOPOLO TORINO,COMUM
JA036,2017-12-07,27,777,MARCOPOLO TORINO,COMUM
JA030,2017-12-07,27,826,MARCOPOLO TORINO,COMUM
GE723,NULO,54,603,NULO,BIARTICULADO
BE720,2018-03-26,54,200,MARCOPOLO VIALE BRT,BIARTICULADO
BE714,2018-03-26,54,203,MARCOPOLO VIALE BRT,BIARTICULADO
BE712,2018-03-26,54,200,MARCOPOLO VIALE BRT,BIARTICULADO
BE717,2018-03-26,54,203,MARCOPOLO VIALE BRT,BIARTICULADO
BE713,2018-03-26,54,203,MARCOPOLO VIALE BRT,BIARTICULADO
HE715,2018-03-26,54,603,MARCOPOLO VIALE BRT,BIARTICULADO
HE717,2018-03-26,54,603,MARCOPOLO VIALE BRT,BIARTICULADO
HE719,2018-03-26,54,200,MARCOPOLO VIALE BRT,BIARTICULADO
HE720,2018-03-26,54,603,MARCOPOLO VIALE BRT,BIARTICULADO
BE710,2018-03-26,54,203,MARCOPOLO VIALE BRT,BIARTICULADO
BE711,2018-03-26,54,203,MARCOPOLO VIALE BRT,BIARTICULADO
BE708,2018-03-26,54,200,MARCOPOLO VIALE BRT,BIARTICULADO
GE724,2018-03-26,54,550,MARCOPOLO VIALE BRT,BIARTICULADO
BE718,2018-03-26,54,200,MARCOPOLO VIALE BRT,BIARTICULADO
BE721,2018-03-26,54,203,MARCOPOLO VIALE BRT,BIARTICULADO
BE709,2018-03-26,54,200,MARCOPOLO VIALE BRT,BIARTICULADO
BE715,2018-04-16,54,203,MARCOPOLO VIALE BRT,BIARTICULADO
BE716,2018-04-16,54,203,MARCOPOLO VIALE BRT,BIARTICULADO
HE716,2018-04-13,54,603,MARCOPOLO VIALE BRT,BIARTICULADO
HE718,2018-04-13,54,203,MARCOPOLO VIALE BRT,BIARTICULADO
HE714,2018-04-13,54,603,MARCOPOLO VIALE BRT,BIARTICULADO
JB608,2018-05-08,37,706,MARCOPOLO TORINO,ARTICULADO
JB607,2018-05-08,37,050,MARCOPOLO TORINO,ARTICULADO
JB609,2018-05-08,37,040,MARCOPOLO TORINO,ARTICULADO
JI601,2018-05-08,37,826,MARCOPOLO TORINO,ARTICULADO
JI600,2018-05-08,37,545,MARCOPOLO TORINO,ARTICULADO
BE719,2018-04-19,54,203,MARCOPOLO VIALE BRT,BIARTICULADO
JI602,2018-08-02,35,706,MARCOPOLO TORINO,ARTICULADO
JI603,2018-08-02,35,706,MARCOPOLO TORINO,ARTICULADO
JI004,2018-08-02,26,721,NULO,COMUM
JI604,2018-08-02,35,706,MARCOPOLO TORINO,ARTICULADO
JB610,2018-08-02,35,050,MARCOPOLO TORINO,ARTICULADO
JB611,2018-08-02,35,040,MARCOPOLO TORINO,ARTICULADO
HI008,2019-01-07,24,617,CAIO APACHE VIP IV,COMUM
HI004,NULO,24,658,CAIO APACHE VIP IV,COMUM
HI005,2019-01-07,24,658,CAIO APACHE VIP IV,COMUM
HI003,2019-01-07,24,679,CAIO APACHE VIP IV,COMUM
HI001,2019-01-07,24,650,CAIO APACHE VIP IV,COMUM
HI002,2019-01-07,24,680,CAIO APACHE VIP IV,COMUM
GI004,2019-01-07,24,548,CAIO APACHE VIP IV,COMUM
GI007,2019-01-07,24,548,CAIO APACHE VIP IV,COMUM
GI008,2019-01-07,24,683,CAIO APACHE VIP IV,COMUM
GI003,2019-01-07,24,552,CAIO APACHE VIP IV,COMUM
GI006,2019-01-07,24,636,CAIO APACHE VIP IV,COMUM
GI005,2019-01-07,24,547,CAIO APACHE VIP IV,COMUM
BI861,2019-01-28,16,266,MARCOPOLO TORINO,MICROESPECIAL
BI881,2019-01-28,16,385,MARCOPOLO TORINO,MICROESPECIAL
BI869,2019-01-28,16,260,NULO,MICROESPECIAL
BI879,2019-01-28,16,311,MARCOPOLO TORINO,MICROESPECIAL
BI863,2019-01-28,16,274,MARCOPOLO TORINO,MICROESPECIAL
BI857,2019-01-28,16,212,MARCOPOLO TORINO,MICROESPECIAL
BI866,2019-01-28,16,275,MARCOPOLO TORINO,MICROESPECIAL
BI868,2019-01-28,16,274,MARCOPOLO TORINO,MICROESPECIAL
BI877,2019-01-28,16,361,MARCOPOLO TORINO,MICROESPECIAL
BI853,2019-01-28,16,875,MARCOPOLO TORINO,MICROESPECIAL
BI878,2019-01-28,16,280,MARCOPOLO TORINO,MICROESPECIAL
BI876,2019-01-28,16,266,MARCOPOLO TORINO,MICROESPECIAL
BI856,2019-01-28,16,212,NULO,MICROESPECIAL
BI882,2019-01-28,16,188,MARCOPOLO TORINO,MICROESPECIAL
BI880,2019-01-28,16,275,MARCOPOLO TORINO,MICROESPECIAL
BI850,2019-01-25,16,176,MARCOPOLO TORINO,MICROESPECIAL
BI864,2019-01-28,16,213,MARCOPOLO TORINO,MICROESPECIAL
BI873,2019-01-28,16,184,MARCOPOLO TORINO,MICROESPECIAL
BI871,2019-01-28,16,280,MARCOPOLO TORINO,MICROESPECIAL
BI865,2019-01-28,16,272,MARCOPOLO TORINO,MICROESPECIAL
BI855,2019-01-28,16,169,MARCOPOLO TORINO,MICROESPECIAL
BI858,2019-01-28,16,889,MARCOPOLO TORINO,MICROESPECIAL
BI860,2019-01-28,16,213,MARCOPOLO TORINO,MICROESPECIAL
BI854,2019-01-28,16,150,MARCOPOLO TORINO,MICROESPECIAL
BI851,NULO,16,175,NULO,MICROESPECIAL
BI852,NULO,16,164,NULO,MICROESPECIAL
GI021,2019-01-29,24,639,CAIO APACHE VIP IV,COMUM
GI025,2019-01-29,24,534,CAIO APACHE VIP IV,COMUM
GI019,2019-01-29,24,643,CAIO APACHE VIP IV,COMUM
GI023,2019-01-29,24,663,CAIO APACHE VIP IV,COMUM
GI026,2019-01-29,24,639,CAIO APACHE VIP IV,COMUM
GI027,2019-01-29,24,631,CAIO APACHE VIP IV,COMUM
GI020,2019-01-29,24,542,CAIO APACHE VIP IV,COMUM
GI022,2019-01-29,24,649,CAIO APACHE VIP IV,COMUM
GI018,2019-01-29,24,643,CAIO APACHE VIP IV,COMUM
GI009,2019-01-29,24,542,CAIO APACHE VIP IV,COMUM
GI010,2019-01-29,24,633,CAIO APACHE VIP IV,COMUM
GI016,2019-01-29,24,649,CAIO APACHE VIP IV,COMUM
GI017,2019-01-29,24,639,CAIO APACHE VIP IV,COMUM
GI014,2019-01-29,24,638,CAIO APACHE VIP IV,COMUM
GI011,2019-01-29,24,636,CAIO APACHE VIP IV,COMUM
HI013,2019-02-08,24,609,CAIO APACHE VIP IV,COMUM
HI009,2019-02-08,24,658,CAIO APACHE VIP IV,COMUM
HI012,NULO,24,690,CAIO APACHE VIP IV,COMUM
HI014,2019-02-08,24,630,NULO,COMUM
HI016,2019-02-08,24,617,CAIO APACHE VIP IV,COMUM
CI002,2019-02-13,24,222,CAIO APACHE VIP,COMUM
CI004,2019-02-13,24,341,CAIO APACHE VIP,COMUM
CI001,2019-02-13,24,375,CAIO APACHE VIP,COMUM
CI006,2019-02-13,24,222,CAIO APACHE VIP,COMUM
CI005,2019-02-13,24,341,CAIO APACHE VIP,COMUM
GI853,2019-02-14,16,666,CAIO APACHE VIP,MICROESPECIAL
GI850,2019-02-14,16,689,CAIO APACHE VIP,MICROESPECIAL
HI850,2019-02-14,16,265,CAIO APACHE VIP,MICROESPECIAL
HI853,2019-02-14,16,644,CAIO APACHE VIP,MICROESPECIAL
HI858,2019-02-14,16,670,CAIO APACHE VIP,MICROESPECIAL
HI856,2019-02-14,16,671,CAIO APACHE VIP,MICROESPECIAL
HI857,2019-02-14,16,670,CAIO APACHE VIP,MICROESPECIAL
HI854,2019-02-14,16,209,CAIO APACHE VIP,MICROESPECIAL
HI851,2019-02-14,16,600,CAIO APACHE VIP,MICROESPECIAL
HI855,2019-02-14,16,673,CAIO APACHE VIP,MICROESPECIAL
BI005,NULO,22,374,MARCOPOLO TORINO,COMUM
BI002,2019-02-21,22,211,MARCOPOLO TORINO,COMUM
BI006,2019-02-21,22,374,MARCOPOLO TORINO,COMUM
BI009,2019-02-21,22,341,MARCOPOLO TORINO,COMUM
BI003,2019-02-21,22,211,MARCOPOLO TORINO,COMUM
BI001,2019-02-21,22,211,MARCOPOLO TORINO,COMUM
BI004,2019-02-21,22,211,MARCOPOLO TORINO,COMUM
BI007,2019-02-21,22,374,MARCOPOLO TORINO,COMUM
HI606,NULO,35,684,NULO,ARTICULADO
HI603,NULO,35,684,NULO,ARTICULADO
HI602,2019-03-25,35,646,CAIO MILLENNIUM,ARTICULADO
HI605,2019-03-25,35,772,CAIO MILLENNIUM,ARTICULADO
HI608,2019-03-25,35,619,CAIO MILLENNIUM,ARTICULADO
HI604,2019-03-25,35,684,CAIO MILLENNIUM,ARTICULADO
HI607,2019-03-25,35,772,CAIO MILLENNIUM,ARTICULADO
BL600,2019-04-16,37,022,MARCOPOLO TORINO,ARTICULADO
BL340,NULO,24,022,NULO,PADRON
*B607,2019-03-21,35,021,CAIO MILLENNIUM,ARTICULADO
*B608,2019-03-21,35,060,CAIO MILLENNIUM,ARTICULADO
GE734,2019-04-09,49,550,CAIO MILLENNIUM BRT,BIARTICULADO
GE732,2019-04-09,49,602,CAIO MILLENNIUM BRT,BIARTICULADO
GE731,2019-04-09,49,602,CAIO MILLENNIUM BRT,BIARTICULADO
BE723,2019-03-27,53,200,MARCOPOLO VIALE BRT,BIARTICULADO
BE724,2019-03-27,53,200,MARCOPOLO VIALE BRT,BIARTICULADO
BE722,2019-03-27,53,203,MARCOPOLO VIALE BRT,BIARTICULADO
BB621,2019-04-17,33,020,MARCOPOLO TORINO,ARTICULADO
GE601,2019-04-08,40,503,CAIO MILLENNIUM BRT,ARTICULADO
BL602,2019-04-16,35,022,MARCOPOLO TORINO,ARTICULADO
GE728,2019-04-09,53,500,CAIO MILLENNIUM BRT,BIARTICULADO
GE727,2019-04-09,53,603,CAIO MILLENNIUM BRT,BIARTICULADO
GE725,2019-04-09,53,603,CAIO MILLENNIUM BRT,BIARTICULADO
GE726,NULO,53,200,CAIO MILLENNIUM BRT,BIARTICULADO
BL606,2019-04-16,35,022,MARCOPOLO TORINO,ARTICULADO
BL601,2019-04-16,35,022,MARCOPOLO TORINO,ARTICULADO
BL603,2019-04-16,35,023,MARCOPOLO TORINO,ARTICULADO
BL605,2019-04-16,35,023,MARCOPOLO TORINO,ARTICULADO
BL604,2019-04-16,35,022,MARCOPOLO TORINO,ARTICULADO
BI600,2019-04-17,33,216,MARCOPOLO TORINO,ARTICULADO
BL610,2019-04-24,35,022,MARCOPOLO TORINO,ARTICULADO
*L602,2019-04-24,41,023,MARCOPOLO TORINO,ARTICULADO
BL608,2019-04-24,35,023,MARCOPOLO TORINO,ARTICULADO
BL607,2019-04-24,35,022,MARCOPOLO TORINO,ARTICULADO
BL609,2019-04-24,35,022,MARCOPOLO TORINO,ARTICULADO
*L600,2019-04-24,41,023,MARCOPOLO TORINO,ARTICULADO
BL611,2019-04-24,35,023,MARCOPOLO TORINO,ARTICULADO
*L601,2019-04-24,41,023,MARCOPOLO TORINO,ARTICULADO
HE730,2019-04-26,53,200,CAIO MILLENNIUM BRT,BIARTICULADO
HE729,NULO,53,502,CAIO MILLENNIUM BRT,BIARTICULADO
HE723,2019-04-26,53,603,CAIO MILLENNIUM BRT,BIARTICULADO
HE724,2019-04-26,53,550,CAIO MILLENNIUM BRT,BIARTICULADO
HE725,2019-04-26,53,502,NULO,BIARTICULADO
HE728,2019-04-26,53,602,CAIO MILLENNIUM BRT,BIARTICULADO
HE726,2019-04-26,53,502,CAIO MILLENNIUM BRT,BIARTICULADO
HE721,2019-04-26,53,550,CAIO MILLENNIUM BRT,BIARTICULADO
HE727,2019-04-26,53,603,CAIO MILLENNIUM BRT,BIARTICULADO
HE722,2019-04-26,53,550,CAIO MILLENNIUM BRT,BIARTICULADO
GB609,2019-04-29,37,040,CAIO MILLENNIUM,ARTICULADO
GB612,2019-04-29,37,030,CAIO MILLENNIUM,ARTICULADO
GB611,2019-04-29,37,040,CAIO MILLENNIUM,ARTICULADO
HE611,2019-05-10,40,NULO,CAIO MILLENNIUM BRT,ARTICULADO
HE610,2019-05-10,40,NULO,CAIO MILLENNIUM BRT,ARTICULADO
HE608,2019-05-10,40,NULO,CAIO MILLENNIUM BRT,ARTICULADO
HE609,2019-05-10,40,NULO,CAIO MILLENNIUM BRT,ARTICULADO
HE612,2019-05-10,40,NULO,CAIO MILLENNIUM BRT,ARTICULADO
GI300,2019-05-13,25,528,CAIO MILLENNIUM,PADRON
KB608,2019-05-23,37,030,CAIO MILLENNIUM,ARTICULADO
KB606,2019-05-23,37,030,CAIO MILLENNIUM,ARTICULADO
KB607,2019-05-23,37,027,CAIO MILLENNIUM,ARTICULADO
KE708,2019-05-23,53,502,CAIO MILLENNIUM BRT,BIARTICULADO
KE703,2019-05-23,53,502,CAIO MILLENNIUM BRT,BIARTICULADO
KE701,NULO,53,503,NULO,BIARTICULADO
KE702,2019-05-23,53,502,CAIO MILLENNIUM BRT,BIARTICULADO
KE706,2019-05-23,53,502,CAIO MILLENNIUM BRT,BIARTICULADO
KI600,2019-05-23,37,629,CAIO MILLENNIUM,ARTICULADO
KE707,2019-05-23,53,502,CAIO MILLENNIUM BRT,BIARTICULADO
KI601,2019-05-23,37,545,CAIO MILLENNIUM,ARTICULADO
HL600,2019-05-13,34,022,CAIO MILLENNIUM,ARTICULADO
*L603,2019-05-17,41,022,NULO,ARTICULADO
CL600,2019-05-17,34,023,CAIO MILLENNIUM,ARTICULADO
LI002,2019-05-28,26,652,MARCOPOLO TORINO,COMUM
LI001,2019-05-28,26,652,MARCOPOLO TORINO,COMUM
*L313,2019-05-28,24,024,MARCOPOLO TORINO,PADRON
LI003,2019-05-28,26,828,MARCOPOLO TORINO,COMUM
*L317,2019-05-28,24,304,MARCOPOLO TORINO,PADRON
*L315,2019-05-30,24,304,NULO,PADRON
*L320,2019-05-30,24,304,MARCOPOLO TORINO,PADRON
*L319,2019-05-30,24,304,MARCOPOLO TORINO,PADRON
*L316,2019-05-30,24,304,MARCOPOLO TORINO,PADRON
*L311,2019-05-30,24,304,MARCOPOLO TORINO,PADRON
*L310,2019-06-07,24,304,NULO,PADRON
LI853,2019-10-04,16,809,MARCOPOLO TORINO,MICROESPECIAL
LI852,2019-10-04,16,NULO,MARCOPOLO TORINO,MICROESPECIAL
LI850,2019-10-04,16,674,MARCOPOLO TORINO,MICROESPECIAL
LI851,NULO,16,865,MARCOPOLO TORINO,MICROESPECIAL
LI854,2019-10-17,16,814,MARCOPOLO TORINO,MICROESPECIAL
JI008,2020-02-10,26,831,MARCOPOLO TORINO,COMUM
JI012,2020-02-11,26,712,MARCOPOLO TORINO,COMUM
JI013,2020-02-11,26,611,MARCOPOLO TORINO,COMUM
JI007,2020-02-07,26,658,MARCOPOLO TORINO,COMUM
JI014,2020-02-11,26,712,MARCOPOLO TORINO,COMUM
JI009,2020-02-10,26,777,MARCOPOLO TORINO,COMUM
JI011,2020-02-11,26,611,MARCOPOLO TORINO,COMUM
JI005,NULO,26,658,NULO,COMUM
GI856,2020-02-14,16,665,CAIO APACHE VIP IV,MICROESPECIAL
GI857,2020-02-14,16,662,CAIO APACHE VIP IV,MICROESPECIAL
GI855,2020-02-14,16,661,CAIO APACHE VIP IV,MICROESPECIAL
GI858,2020-02-14,16,616,CAIO APACHE VIP IV,MICROESPECIAL
GI859,2020-02-14,16,661,CAIO APACHE VIP IV,MICROESPECIAL
GI854,2020-02-14,16,662,CAIO APACHE VIP IV,MICROESPECIAL
GI050,2020-02-10,24,548,CAIO APACHE VIP IV,COMUM
GI049,2020-02-07,24,642,CAIO APACHE VIP IV,COMUM
GI051,2020-02-13,24,542,CAIO APACHE VIP IV,COMUM
GI055,2020-02-07,24,541,CAIO APACHE VIP IV,COMUM
GI056,2020-02-10,24,638,CAIO APACHE VIP IV,COMUM
GI057,2020-02-10,24,635,CAIO APACHE VIP IV,COMUM
GI028,2020-02-03,24,534,NULO,COMUM
GI029,NULO,24,624,NULO,COMUM
GI031,2020-02-03,24,541,CAIO APACHE VIP IV,COMUM
GI032,2020-02-07,24,541,CAIO APACHE VIP IV,COMUM
GI053,2020-02-10,24,548,CAIO APACHE VIP IV,COMUM
GI048,2020-02-07,24,640,CAIO APACHE VIP IV,COMUM
GI042,2020-02-10,24,548,CAIO APACHE VIP IV,COMUM
GI039,2020-02-10,24,625,NULO,COMUM
GI034,2020-02-07,24,635,CAIO APACHE VIP IV,COMUM
GI040,2020-02-07,24,625,CAIO APACHE VIP IV,COMUM
GI037,NULO,24,625,NULO,COMUM
GI030,2020-02-03,24,541,CAIO APACHE VIP IV,COMUM
GI033,2020-02-07,24,541,CAIO APACHE VIP IV,COMUM
GI035,2020-02-07,24,625,CAIO APACHE VIP IV,COMUM
GI038,2020-02-10,24,633,CAIO APACHE VIP IV,COMUM
GI041,2020-02-10,24,643,CAIO APACHE VIP IV,COMUM
GI043,2020-02-07,24,625,NULO,COMUM
GI044,2020-02-07,24,552,CAIO APACHE VIP IV,COMUM
GI045,2020-02-07,24,637,CAIO APACHE VIP IV,COMUM
GI046,2020-02-10,24,641,CAIO APACHE VIP IV,COMUM
GI047,2020-02-10,24,528,CAIO APACHE VIP IV,COMUM
HI036,2020-02-11,24,653,CAIO APACHE VIP IV,COMUM
HI037,2020-02-04,24,655,CAIO APACHE VIP IV,COMUM
HI038,2020-02-04,24,772,CAIO APACHE VIP IV,COMUM
HI035,NULO,24,653,CAIO APACHE VIP IV,COMUM
HI034,2020-02-05,24,628,CAIO APACHE VIP IV,COMUM
HI032,2020-02-04,24,650,CAIO APACHE VIP IV,COMUM
HI031,2020-02-11,24,650,CAIO APACHE VIP IV,COMUM
HI030,2020-02-04,24,627,CAIO APACHE VIP IV,COMUM
HI033,2020-02-11,24,680,NULO,COMUM
HI027,2020-02-04,24,630,CAIO APACHE VIP IV,COMUM
HI026,2020-02-04,24,680,CAIO APACHE VIP IV,COMUM
HI025,2020-02-04,24,655,CAIO APACHE VIP IV,COMUM
HI024,2020-02-03,24,659,CAIO APACHE VIP IV,COMUM
HI023,2020-02-03,24,619,CAIO APACHE VIP IV,COMUM
HI022,2020-02-04,24,772,CAIO APACHE VIP IV,COMUM
HI021,2020-02-03,24,646,CAIO APACHE VIP IV,COMUM
HI017,2020-02-03,24,650,CAIO APACHE VIP IV,COMUM
HI029,2020-02-05,24,646,CAIO APACHE VIP IV,COMUM
HI018,2020-02-11,24,650,CAIO APACHE VIP IV,COMUM
HI020,2020-02-03,24,617,CAIO APACHE VIP IV,COMUM
HI019,2020-02-03,24,772,CAIO APACHE VIP IV,COMUM
HI028,2020-02-04,24,617,CAIO APACHE VIP IV,COMUM
JI850,2020-03-27,16,711,MARCOPOLO TORINO,MICROESPECIAL
GI600,2020-04-08,33,545,MARCOPOLO TORINO,ARTICULADO
GI602,2020-04-08,33,545,MARCOPOLO TORINO,ARTICULADO
JI019,2020-03-05,26,721,MARCOPOLO TORINO,COMUM
JI015,2020-02-28,26,828,MARCOPOLO TORINO,COMUM
JI020,2020-03-20,26,611,MARCOPOLO TORINO,COMUM
JI861,2020-02-28,16,716,MARCOPOLO TORINO,MICROESPECIAL
JI862,2020-04-02,16,713,MARCOPOLO TORINO,MICROESPECIAL
JI851,2020-04-02,16,788,MARCOPOLO TORINO,MICROESPECIAL
JI864,2020-02-28,16,711,MARCOPOLO TORINO,MICROESPECIAL
JI865,2020-03-27,16,761,MARCOPOLO TORINO,MICROESPECIAL
JI860,2020-04-02,16,779,MARCOPOLO TORINO,MICROESPECIAL
JI866,2020-03-27,16,762,MARCOPOLO TORINO,MICROESPECIAL
JI852,2020-03-27,16,789,MARCOPOLO TORINO,MICROESPECIAL
JI858,2020-02-28,16,760,MARCOPOLO TORINO,MICROESPECIAL
JI854,2020-03-27,16,762,MARCOPOLO TORINO,MICROESPECIAL
JI857,2020-03-27,16,760,MARCOPOLO TORINO,MICROESPECIAL
JI855,NULO,16,761,NULO,MICROESPECIAL
JI017,2020-04-02,26,777,MARCOPOLO TORINO,COMUM
JI016,2020-02-28,26,718,MARCOPOLO TORINO,COMUM
JI021,2020-02-28,26,828,MARCOPOLO TORINO,COMUM
JI023,2020-02-28,26,831,MARCOPOLO TORINO,COMUM
JI022,NULO,26,658,NULO,COMUM
HI047,2020-02-28,26,622,MARCOPOLO TORINO,COMUM
HI049,2020-02-28,26,773,MARCOPOLO TORINO,COMUM
HI044,2020-02-28,26,628,MARCOPOLO TORINO,COMUM
HI045,2020-02-28,26,612,MARCOPOLO TORINO,COMUM
HI042,2020-02-28,26,654,MARCOPOLO TORINO,COMUM
HI048,2020-03-13,26,627,MARCOPOLO TORINO,COMUM
HI046,2020-02-28,26,615,MARCOPOLO TORINO,COMUM
HI041,2020-03-13,26,654,MARCOPOLO TORINO,COMUM
HI040,2020-02-28,26,659,MARCOPOLO TORINO,COMUM
GL600,2020-04-08,35,023,MARCOPOLO TORINO,ARTICULADO
HI612,2020-04-17,35,623,MARCOPOLO TORINO,ARTICULADO
HI610,2020-04-17,35,623,MARCOPOLO TORINO,ARTICULADO
HI609,2020-04-17,35,216,MARCOPOLO TORINO,ARTICULADO
HI613,2020-04-17,35,684,MARCOPOLO TORINO,ARTICULADO
HI611,2020-04-30,35,684,MARCOPOLO TORINO,ARTICULADO
GL329,2020-04-08,24,508,MARCOPOLO TORINO,PADRON
GE736,2020-04-08,53,500,MARCOPOLO VIALE BRT,BIARTICULADO
GL601,2020-02-28,35,022,MARCOPOLO TORINO,ARTICULADO
BI029,2020-02-28,26,812,MARCOPOLO TORINO,COMUM
MI852,2020-03-10,16,464,MARCOPOLO TORINO,MICROESPECIAL
MI855,2020-03-10,16,911,MARCOPOLO TORINO,MICROESPECIAL
MI856,2020-03-10,16,915,MARCOPOLO TORINO,MICROESPECIAL
MI850,NULO,16,913,MARCOPOLO TORINO,MICROESPECIAL
MI854,2020-03-10,16,912,MARCOPOLO TORINO,MICROESPECIAL
BI886,2020-02-28,16,214,MARCOPOLO TORINO,MICROESPECIAL
BI884,2020-02-28,16,214,MARCOPOLO TORINO,MICROESPECIAL
BI890,2020-02-28,16,275,MARCOPOLO TORINO,MICROESPECIAL
BI900,2020-02-28,16,366,MARCOPOLO TORINO,MICROESPECIAL
BI901,2020-02-28,16,370,MARCOPOLO TORINO,MICROESPECIAL
BI014,2020-02-28,26,924,MARCOPOLO TORINO,COMUM
BI015,2020-02-28,26,243,MARCOPOLO TORINO,COMUM
*B610,2020-04-27,35,040,MARCOPOLO TORINO,ARTICULADO
BI883,2020-02-28,16,386,MARCOPOLO TORINO,MICROESPECIAL
*B609,2020-04-17,35,040,MARCOPOLO TORINO,ARTICULADO
*B611,2020-04-17,35,060,MARCOPOLO TORINO,ARTICULADO
HL601,2020-04-27,35,023,MARCOPOLO TORINO,ARTICULADO
HL602,2020-04-27,35,023,MARCOPOLO TORINO,ARTICULADO
BI889,2020-02-28,16,209,NULO,MICROESPECIAL
BI888,2020-02-28,16,175,MARCOPOLO TORINO,MICROESPECIAL
BI887,2020-02-26,16,224,MARCOPOLO TORINO,MICROESPECIAL
BI030,2020-02-26,26,233,MARCOPOLO TORINO,COMUM
BI031,2020-02-28,26,232,MARCOPOLO TORINO,COMUM
JI018,2020-03-05,26,732,MARCOPOLO TORINO,COMUM
BE726,2020-04-07,53,200,MARCOPOLO VIALE BRT,BIARTICULADO
BI010,2020-02-28,26,342,MARCOPOLO TORINO,COMUM
BI891,2020-02-28,16,244,MARCOPOLO TORINO,MICROESPECIAL
BI893,2020-02-28,16,229,MARCOPOLO TORINO,MICROESPECIAL
BE725,2020-04-07,53,200,MARCOPOLO VIALE BRT,BIARTICULADO
BE727,2020-04-07,53,203,MARCOPOLO VIALE BRT,BIARTICULADO
BE728,2020-04-07,53,200,MARCOPOLO VIALE BRT,BIARTICULADO
HI039,2020-02-28,24,658,NULO,COMUM
CI008,2020-03-20,26,NULO,MARCOPOLO TORINO,COMUM
CI007,2020-03-20,26,NULO,MARCOPOLO TORINO,COMUM
CL601,2020-04-27,35,023,MARCOPOLO TORINO,ARTICULADO
JI301,2020-04-13,25,778,MARCOPOLO TORINO,PADRON
JI300,2020-04-15,25,778,MARCOPOLO TORINO,PADRON
MI853,2020-03-10,16,967,MARCOPOLO TORINO,MICROESPECIAL
MI002,2020-04-02,24,916,CAIO APACHE,COMUM
MI004,2020-04-02,24,924,CAIO APACHE,COMUM
MI005,2020-04-02,24,924,CAIO APACHE,COMUM
MI001,2020-04-02,24,821,CAIO APACHE,COMUM
BI894,2020-03-06,16,272,MARCOPOLO TORINO,MICROESPECIAL
BI895,2020-03-06,16,343,MARCOPOLO TORINO,MICROESPECIAL
BI898,2020-03-06,16,188,MARCOPOLO TORINO,MICROESPECIAL
BI012,2020-03-06,26,232,MARCOPOLO TORINO,COMUM
BI021,2020-03-06,26,232,MARCOPOLO TORINO,COMUM
BI011,2020-03-06,26,236,MARCOPOLO TORINO,COMUM
BI899,2020-03-06,16,181,MARCOPOLO TORINO,MICROESPECIAL
BI017,2020-03-06,26,225,MARCOPOLO TORINO,COMUM
BI896,2020-03-06,16,184,MARCOPOLO TORINO,MICROESPECIAL
BI022,2020-03-06,26,812,MARCOPOLO TORINO,COMUM
BI020,2020-03-06,26,242,MARCOPOLO TORINO,COMUM
BI027,2020-03-06,26,811,MARCOPOLO TORINO,COMUM
BI024,2020-03-06,26,242,MARCOPOLO TORINO,COMUM
BI018,2020-03-06,26,225,MARCOPOLO TORINO,COMUM
BI025,2020-03-06,26,816,MARCOPOLO TORINO,COMUM
BI028,2020-03-06,26,822,MARCOPOLO TORINO,COMUM
BI301,2020-03-06,25,182,MARCOPOLO TORINO,PADRON
BI023,2020-03-06,26,226,MARCOPOLO TORINO,COMUM
BI019,2020-03-06,26,231,MARCOPOLO TORINO,COMUM
KI002,NULO,26,472,NULO,COMUM
KI001,2020-04-24,26,472,NULO,COMUM
*I003,NULO,26,332,MARCOPOLO TORINO,COMUM
*I006,2020-04-24,26,323,MARCOPOLO TORINO,COMUM
*I007,2020-04-24,26,462,MARCOPOLO TORINO,COMUM
*I001,2020-04-24,26,334,MARCOPOLO TORINO,COMUM
*I002,2020-04-24,26,462,MARCOPOLO TORINO,COMUM
*I008,2020-04-24,26,474,MARCOPOLO TORINO,COMUM
*I005,2020-04-24,26,322,MARCOPOLO TORINO,COMUM
*I004,2020-04-24,26,338,MARCOPOLO TORINO,COMUM
BE729,2020-04-07,53,203,MARCOPOLO VIALE BRT,BIARTICULADO
HE615,2020-04-01,40,602,CAIO MILLENNIUM BRT,ARTICULADO
HE613,2020-04-01,40,NULO,CAIO MILLENNIUM BRT,ARTICULADO
HE614,2020-04-01,40,NULO,CAIO MILLENNIUM BRT,ARTICULADO
GE607,2020-03-12,40,503,CAIO MILLENNIUM BRT,ARTICULADO
GE612,NULO,40,503,NULO,ARTICULADO
GE606,2020-03-12,40,503,CAIO MILLENNIUM BRT,ARTICULADO
GL327,2020-04-08,24,508,MARCOPOLO TORINO,PADRON
EI006,2020-03-30,26,532,MARCOPOLO TORINO,COMUM
EI012,2020-03-30,26,531,MARCOPOLO TORINO,COMUM
EI002,2020-03-30,26,531,MARCOPOLO TORINO,COMUM
EI001,NULO,26,515,MARCOPOLO TORINO,COMUM
EI015,2020-03-30,26,535,MARCOPOLO TORINO,COMUM
EI010,2020-03-30,26,663,MARCOPOLO TORINO,COMUM
EI009,2020-03-30,26,561,MARCOPOLO TORINO,COMUM
EI008,2020-03-30,26,515,MARCOPOLO TORINO,COMUM
EI007,2020-03-30,26,523,MARCOPOLO TORINO,COMUM
EI011,2020-03-30,26,528,MARCOPOLO TORINO,COMUM
EI016,2020-03-30,26,515,MARCOPOLO TORINO,COMUM
EI005,2020-03-30,26,561,NULO,COMUM
EI020,2020-03-30,26,512,MARCOPOLO TORINO,COMUM
EI019,2020-03-30,26,521,MARCOPOLO TORINO,COMUM
EI018,NULO,26,533,NULO,COMUM
EI014,2020-03-30,26,471,MARCOPOLO TORINO,COMUM
HL331,2020-04-01,24,607,CAIO MILLENNIUM,PADRON
HL329,2020-04-01,24,607,CAIO MILLENNIUM,PADRON
HL330,2020-04-01,24,607,CAIO MILLENNIUM,PADRON
HI043,2020-03-18,26,630,MARCOPOLO TORINO,COMUM
CL602,2020-04-30,35,022,MARCOPOLO TORINO,ARTICULADO
EL326,2020-04-30,24,505,MARCOPOLO TORINO,PADRON
EL324,2020-04-30,24,505,MARCOPOLO TORINO,PADRON
EL325,2020-04-30,24,505,MARCOPOLO TORINO,PADRON
EL323,2020-04-30,24,507,MARCOPOLO TORINO,PADRON
EL322,2020-04-30,24,507,MARCOPOLO TORINO,PADRON
EL321,2020-04-30,24,507,MARCOPOLO TORINO,PADRON
EL319,NULO,24,505,MARCOPOLO TORINO,PADRON
EL318,2020-04-30,24,507,MARCOPOLO TORINO,PADRON
EB606,2020-07-15,36,021,MARCOPOLO TORINO,ARTICULADO
EL601,2020-07-30,37,023,MARCOPOLO TORINO,ARTICULADO
EB604,2020-07-15,36,050,NULO,ARTICULADO
EB603,2020-07-15,36,020,MARCOPOLO TORINO,ARTICULADO
EB601,2020-07-15,36,050,MARCOPOLO TORINO,ARTICULADO
EB600,2020-07-15,36,020,MARCOPOLO TORINO,ARTICULADO
EL600,2020-07-15,37,023,MARCOPOLO TORINO,ARTICULADO
EL328,NULO,24,506,MARCOPOLO TORINO,PADRON
EL327,2020-07-15,24,507,MARCOPOLO TORINO,PADRON
EL329,2020-07-15,24,506,MARCOPOLO TORINO,PADRON
EL330,2020-07-15,24,506,MARCOPOLO TORINO,PADRON
EL331,2020-07-15,24,022,MARCOPOLO TORINO,PADRON
EL332,2020-07-15,24,506,MARCOPOLO TORINO,PADRON
EL333,2020-07-15,24,507,NULO,PADRON
EL602,2020-07-30,35,022,MARCOPOLO TORINO,ARTICULADO
EB608,2020-07-30,33,030,MARCOPOLO TORINO,ARTICULADO
EB609,2020-07-30,33,030,MARCOPOLO TORINO,ARTICULADO
EL603,2020-07-30,35,022,MARCOPOLO TORINO,ARTICULADO
GE735,2017-11-30,52,203,CAIO MILLENNIUM BRT,BIARTICULADO
